pays,dispo_prot
Islande,0.13306000000
"Chine - RAS de Hong-Kong",0.12907000000
Israël,0.12800000000
Lituanie,0.12436000000
Maldives,0.12232000000
Finlande,0.11756000000
Luxembourg,0.11364000000
Monténégro,0.11190000000
Pays-Bas,0.11146000000
Albanie,0.11137000000
