pays,dispo_prot
Libéria,13.74590000000
Guinée-Bissau,16.07825000000
Mozambique,16.67320000000
"République centrafricaine",16.80460000000
Madagascar,17.04185000000
Haïti,17.41050000000
Zimbabwe,17.63680000000
Congo,18.76465000000
Ouganda,19.21360000000
"Sao Tomé-et-Principe",19.38150000000
